report_id,family_id,prior_reports_12mo,prior_substantiated_flag,days_since_last_report,n_children_in_household,child_age_under_5,dv_history_flag,substance_use_flag,shelter_involvement_flag,days_to_first_contact,reporter_accuracy_score,caseworker_caseload,needs_investigative_consultation
SCR000001,FAM00103,1,1,87.0,5,0,0,0.0,0,2.0,0.276,34,1
SCR000002,FAM00436,0,0,,2,0,1,0.0,0,1.0,0.377,31,1
SCR000003,FAM00271,0,1,,5,1,1,,0,3.0,0.393,42,1
SCR000004,FAM00107,1,0,248.0,2,0,0,1.0,0,7.0,0.244,47,0
SCR000005,FAM00072,2,0,214.0,3,0,1,1.0,0,3.0,0.273,55,0
SCR000006,FAM00021,0,0,,1,0,0,0.0,0,5.0,0.104,54,0
SCR000007,FAM00615,0,1,,1,0,1,0.0,0,2.0,0.225,73,0
SCR000008,FAM00122,0,1,,2,0,0,1.0,0,3.0,0.323,43,0
SCR000009,FAM00467,7,0,4.0,2,1,0,1.0,0,4.0,0.349,34,1
SCR000010,FAM00215,0,1,,1,1,0,0.0,0,3.0,0.462,71,1
SCR000011,FAM00331,0,0,,1,0,0,0.0,1,2.0,0.249,31,0
SCR000012,FAM00459,0,0,,1,1,0,0.0,0,2.0,0.285,33,0
SCR000013,FAM00088,0,0,,3,1,0,0.0,0,3.0,0.416,41,0
SCR000014,FAM00373,0,0,,2,0,0,0.0,0,1.0,0.325,40,0
SCR000015,FAM00100,0,0,,1,0,0,,0,4.0,0.427,33,0
SCR000016,FAM00131,4,0,259.0,1,0,1,0.0,0,7.0,0.109,72,0
SCR000017,FAM00309,0,0,,1,1,1,0.0,0,2.0,0.325,38,1
SCR000018,FAM00344,0,0,,2,1,0,0.0,0,3.0,0.314,39,0
SCR000019,FAM00492,0,0,,1,0,1,1.0,1,,0.542,56,0
SCR000020,FAM00414,1,1,350.0,3,0,0,0.0,0,3.0,0.325,35,0
SCR000021,FAM00386,0,0,,1,1,1,0.0,0,2.0,0.249,44,0
SCR000022,FAM00192,1,0,356.0,1,0,0,0.0,0,5.0,0.338,71,1
SCR000023,FAM00277,0,0,,4,1,0,0.0,0,2.0,0.285,60,1
SCR000024,FAM00161,1,0,343.0,3,1,0,,0,1.0,0.529,51,0
SCR000025,FAM00460,2,0,230.0,1,0,0,0.0,0,4.0,0.4,35,0
SCR000026,FAM00314,0,0,,3,0,1,,0,3.0,0.265,62,0
SCR000027,FAM00022,1,0,310.0,2,0,1,0.0,0,4.0,0.311,58,1
SCR000028,FAM00253,0,0,,3,1,0,,0,1.0,0.323,50,0
SCR000029,FAM00561,3,0,49.0,2,0,0,1.0,0,1.0,0.18,59,0
SCR000030,FAM00475,0,0,,3,0,1,0.0,0,6.0,0.391,50,0
SCR000031,FAM00059,0,0,,5,1,1,0.0,0,1.0,0.388,65,1
SCR000032,FAM00511,2,0,48.0,1,0,0,0.0,0,4.0,0.433,51,0
SCR000033,FAM00476,1,0,269.0,2,1,0,0.0,0,4.0,0.269,75,0
SCR000034,FAM00190,0,0,,2,0,0,0.0,0,3.0,0.22,49,0
SCR000035,FAM00563,0,0,,1,1,0,0.0,0,1.0,0.319,51,0
SCR000036,FAM00567,0,1,,1,0,0,1.0,0,3.0,0.443,69,1
SCR000037,FAM00244,0,0,,1,1,0,1.0,0,5.0,0.241,40,1
SCR000038,FAM00505,2,0,358.0,2,0,1,0.0,0,,0.312,76,0
SCR000039,FAM00131,1,0,134.0,2,0,0,1.0,0,2.0,0.309,60,0
SCR000040,FAM00485,0,0,,2,0,1,,0,2.0,0.347,69,0
SCR000041,FAM00647,1,0,327.0,1,1,1,1.0,0,1.0,0.339,42,1
SCR000042,FAM00021,0,1,,2,0,1,,0,5.0,0.25,47,0
SCR000043,FAM00167,2,1,312.0,4,1,0,0.0,0,5.0,0.374,51,0
SCR000044,FAM00274,0,0,,2,0,1,0.0,0,13.0,0.092,46,0
SCR000045,FAM00388,0,0,,2,1,0,0.0,0,2.0,0.29,67,0
SCR000046,FAM00601,3,0,269.0,3,1,0,1.0,0,3.0,0.13,54,1
SCR000047,FAM00316,0,0,,3,1,0,1.0,0,1.0,0.268,61,0
SCR000048,FAM00014,0,0,,2,0,0,0.0,0,,0.285,44,0
SCR000049,FAM00242,0,0,,4,0,1,1.0,0,3.0,0.379,42,1
SCR000050,FAM00346,2,0,213.0,2,1,1,1.0,0,5.0,0.33,55,1
SCR000051,FAM00565,1,0,156.0,4,0,0,0.0,0,4.0,0.178,79,0
SCR000052,FAM00340,0,0,,1,0,0,0.0,1,6.0,0.473,40,0
SCR000053,FAM00092,0,0,,1,0,0,0.0,0,5.0,0.181,42,0
SCR000054,FAM00367,0,0,,1,0,0,0.0,0,5.0,0.382,62,0
SCR000055,FAM00455,1,0,57.0,3,0,1,0.0,0,1.0,0.36,79,0
SCR000056,FAM00428,1,1,185.0,2,0,0,0.0,1,4.0,0.33,66,0
SCR000057,FAM00509,3,0,54.0,1,1,1,0.0,1,2.0,0.239,67,0
SCR000058,FAM00035,2,1,209.0,1,1,0,0.0,0,1.0,0.352,30,1
SCR000059,FAM00206,1,0,342.0,4,0,0,1.0,1,1.0,0.424,68,0
SCR000060,FAM00081,0,0,,3,0,0,0.0,0,3.0,0.497,56,0
SCR000061,FAM00562,0,0,,2,0,0,0.0,0,1.0,0.239,65,0
SCR000062,FAM00388,1,0,304.0,2,1,0,0.0,0,2.0,0.045,61,0
SCR000063,FAM00002,0,1,,2,0,1,0.0,0,3.0,0.233,70,0
SCR000064,FAM00390,0,0,,2,0,1,0.0,0,5.0,0.347,44,0
SCR000065,FAM00566,2,0,112.0,4,1,0,0.0,0,4.0,0.092,60,0
SCR000066,FAM00106,0,0,,1,1,0,0.0,0,2.0,0.239,35,0
SCR000067,FAM00477,0,1,,2,0,0,,0,1.0,0.247,54,0
SCR000068,FAM00402,0,0,,2,0,0,0.0,1,1.0,0.241,78,0
SCR000069,FAM00556,1,1,279.0,2,1,0,0.0,0,1.0,0.39,47,1
SCR000070,FAM00162,0,1,,2,1,0,1.0,0,,0.239,51,0
SCR000071,FAM00202,0,0,,2,1,1,0.0,0,8.0,0.438,60,1
SCR000072,FAM00270,0,1,,1,0,0,,0,2.0,0.252,65,0
SCR000073,FAM00271,1,1,44.0,2,1,1,0.0,0,,0.244,38,1
SCR000074,FAM00456,0,0,,1,1,0,,0,1.0,0.296,75,0
SCR000075,FAM00462,3,0,160.0,1,0,1,0.0,1,2.0,0.184,32,1
SCR000076,FAM00252,0,0,,1,1,0,1.0,1,,0.165,62,1
SCR000077,FAM00296,0,0,,3,0,0,1.0,0,1.0,0.312,56,0
SCR000078,FAM00338,0,0,,2,1,1,0.0,0,7.0,0.456,72,0
SCR000079,FAM00053,1,0,14.0,2,1,0,0.0,0,1.0,0.144,30,0
SCR000080,FAM00217,0,0,,3,1,0,0.0,0,1.0,0.184,73,0
SCR000081,FAM00188,0,0,,3,0,1,0.0,0,1.0,0.547,38,1
SCR000082,FAM00380,0,0,,2,0,1,,0,2.0,0.436,34,0
SCR000083,FAM00493,0,1,,2,0,1,0.0,1,1.0,0.114,44,1
SCR000084,FAM00041,0,0,,2,0,0,0.0,0,1.0,0.307,79,0
SCR000085,FAM00157,0,0,,2,0,0,0.0,0,1.0,0.29,38,1
SCR000086,FAM00015,1,0,16.0,2,1,1,1.0,0,2.0,0.173,74,0
SCR000087,FAM00065,1,0,91.0,3,1,0,0.0,0,1.0,0.303,57,0
SCR000088,FAM00521,0,1,,4,0,0,1.0,1,1.0,0.361,42,1
SCR000089,FAM00344,1,0,253.0,1,1,0,1.0,0,2.0,0.416,53,1
SCR000090,FAM00129,2,0,60.0,1,1,0,1.0,0,1.0,0.352,74,0
SCR000091,FAM00648,3,1,266.0,2,1,0,1.0,0,2.0,0.305,39,1
SCR000092,FAM00472,0,1,,2,1,0,0.0,0,1.0,0.093,71,0
SCR000093,FAM00063,2,0,21.0,1,1,0,,0,1.0,0.369,51,0
SCR000094,FAM00139,0,0,,4,0,0,0.0,0,2.0,0.326,68,0
SCR000095,FAM00499,0,0,,1,0,0,0.0,0,1.0,0.264,51,0
SCR000096,FAM00593,0,0,,4,0,0,1.0,0,1.0,0.308,66,0
SCR000097,FAM00392,0,0,,3,0,1,1.0,0,2.0,0.331,68,0
SCR000098,FAM00419,1,0,234.0,3,1,0,0.0,0,5.0,0.319,49,0
SCR000099,FAM00289,0,1,,1,1,0,0.0,0,3.0,0.451,39,1
SCR000100,FAM00379,0,0,,1,0,1,0.0,0,4.0,0.418,39,1
SCR000101,FAM00490,0,0,,2,0,0,0.0,0,5.0,0.292,55,0
SCR000102,FAM00231,0,1,,1,1,0,0.0,1,8.0,0.29,54,0
SCR000103,FAM00041,1,0,132.0,2,0,0,0.0,0,3.0,0.319,57,0
SCR000104,FAM00028,0,1,,2,0,1,1.0,0,2.0,0.219,42,1
SCR000105,FAM00135,0,1,,1,0,1,0.0,0,1.0,0.278,44,0
SCR000106,FAM00201,0,0,,1,0,1,1.0,0,1.0,0.422,35,0
SCR000107,FAM00033,1,0,301.0,3,1,1,,0,3.0,0.351,41,0
SCR000108,FAM00048,0,0,,1,0,0,1.0,1,11.0,0.114,48,0
SCR000109,FAM00503,0,0,,1,0,0,0.0,1,2.0,0.451,61,0
SCR000110,FAM00407,0,0,,2,1,0,1.0,0,3.0,0.384,40,0
SCR000111,FAM00574,2,0,23.0,5,0,0,0.0,0,2.0,0.452,67,0
SCR000112,FAM00099,0,1,,2,0,0,0.0,1,2.0,0.361,62,0
SCR000113,FAM00547,0,0,,1,0,0,,0,2.0,0.11,31,0
SCR000114,FAM00613,0,0,,2,0,0,,1,2.0,0.336,44,0
SCR000115,FAM00462,4,0,304.0,4,0,1,0.0,0,,0.447,65,1
SCR000116,FAM00643,2,0,230.0,3,1,0,0.0,0,,0.278,34,1
SCR000117,FAM00005,0,1,,2,1,0,0.0,0,5.0,0.188,44,0
SCR000118,FAM00218,0,0,,2,0,0,0.0,0,5.0,0.355,72,0
SCR000119,FAM00503,5,0,208.0,2,0,0,1.0,0,1.0,0.294,39,1
SCR000120,FAM00398,1,0,263.0,1,1,0,0.0,0,5.0,0.542,46,1
SCR000121,FAM00393,0,0,,3,1,0,0.0,0,1.0,0.31,63,0
SCR000122,FAM00207,0,0,,3,0,0,1.0,1,,0.427,53,0
SCR000123,FAM00015,3,0,265.0,5,0,1,1.0,0,3.0,0.332,39,1
SCR000124,FAM00554,0,0,,1,0,1,1.0,0,1.0,0.221,59,0
SCR000125,FAM00461,0,1,,1,1,0,0.0,0,1.0,0.344,32,0
SCR000126,FAM00575,0,1,,2,1,0,0.0,0,1.0,0.306,66,0
SCR000127,FAM00241,2,0,152.0,3,1,0,0.0,0,3.0,0.205,32,0
SCR000128,FAM00564,0,1,,3,0,1,1.0,0,1.0,0.344,69,1
SCR000129,FAM00096,0,0,,1,1,0,0.0,0,2.0,0.167,34,0
SCR000130,FAM00485,1,0,304.0,1,0,0,0.0,0,3.0,0.193,57,0
SCR000131,FAM00407,0,0,,2,1,1,0.0,0,3.0,0.397,73,0
SCR000132,FAM00231,0,0,,2,0,0,,0,5.0,0.326,43,1
SCR000133,FAM00171,0,0,,4,0,0,1.0,0,,0.436,68,0
SCR000134,FAM00541,0,0,,2,0,0,0.0,1,1.0,0.345,40,1
SCR000135,FAM00036,0,0,,3,1,0,0.0,1,1.0,0.345,37,0
SCR000136,FAM00525,0,1,,2,1,0,,1,2.0,0.35,66,0
SCR000137,FAM00160,0,0,,3,1,0,0.0,1,3.0,0.364,37,1
SCR000138,FAM00243,1,0,356.0,2,0,1,,0,1.0,0.293,41,0
SCR000139,FAM00086,0,1,,3,0,0,1.0,0,1.0,0.453,44,0
SCR000140,FAM00578,0,0,,1,0,0,,0,4.0,0.196,48,0
SCR000141,FAM00557,0,0,,2,0,0,0.0,0,3.0,0.191,77,0
SCR000142,FAM00574,1,1,301.0,1,0,1,0.0,1,3.0,0.327,75,1
SCR000143,FAM00646,1,0,6.0,2,1,0,,1,4.0,0.404,57,0
SCR000144,FAM00028,0,0,,2,0,0,,0,4.0,0.336,36,0
SCR000145,FAM00620,3,0,254.0,1,0,0,1.0,0,3.0,0.274,69,0
SCR000146,FAM00556,0,1,,5,0,1,0.0,0,,0.317,36,1
SCR000147,FAM00340,0,0,,1,0,0,0.0,0,9.0,0.342,59,1
SCR000148,FAM00331,0,1,,3,1,0,0.0,0,,0.232,47,0
SCR000149,FAM00640,1,0,295.0,5,1,0,0.0,0,1.0,0.241,53,0
SCR000150,FAM00506,1,0,118.0,1,0,1,,1,1.0,0.22,35,1
SCR000151,FAM00348,0,1,,3,1,0,1.0,0,3.0,0.309,33,0
SCR000152,FAM00473,0,0,,1,0,0,0.0,1,6.0,0.434,32,0
SCR000153,FAM00231,0,0,,1,1,1,0.0,0,1.0,0.391,78,0
SCR000154,FAM00190,1,0,54.0,2,0,1,0.0,1,1.0,0.264,76,0
SCR000155,FAM00225,0,1,,4,1,0,0.0,0,5.0,0.11,35,0
SCR000156,FAM00385,0,0,,1,1,1,0.0,1,5.0,0.361,55,0
SCR000157,FAM00377,1,0,209.0,2,0,0,0.0,0,1.0,0.384,73,0
SCR000158,FAM00283,0,0,,2,1,0,0.0,1,1.0,0.288,67,0
SCR000159,FAM00633,0,1,,4,0,1,0.0,0,3.0,0.197,40,0
SCR000160,FAM00628,5,0,7.0,1,0,0,0.0,0,1.0,0.263,58,0
SCR000161,FAM00259,1,0,78.0,3,0,0,,0,,0.445,49,0
SCR000162,FAM00359,3,0,65.0,3,0,0,0.0,1,1.0,0.384,39,0
SCR000163,FAM00456,1,0,102.0,3,0,0,0.0,0,1.0,0.175,55,0
SCR000164,FAM00411,0,0,,4,1,0,1.0,1,1.0,0.39,77,0
SCR000165,FAM00649,1,0,300.0,3,1,1,0.0,0,1.0,0.435,56,1
SCR000166,FAM00318,0,0,,1,1,1,1.0,0,1.0,0.235,79,0
SCR000167,FAM00225,0,0,,2,0,0,0.0,1,1.0,0.088,43,0
SCR000168,FAM00234,0,1,,2,1,0,1.0,0,,0.333,65,0
SCR000169,FAM00374,2,0,48.0,2,0,1,1.0,1,1.0,0.349,41,1
SCR000170,FAM00608,0,1,,2,0,0,1.0,0,5.0,0.352,52,0
SCR000171,FAM00472,1,0,82.0,2,1,0,,0,1.0,0.504,50,0
SCR000172,FAM00233,1,1,209.0,2,0,0,0.0,0,3.0,0.346,37,0
SCR000173,FAM00113,0,0,,5,1,0,,0,1.0,0.413,68,1
SCR000174,FAM00497,1,0,84.0,1,1,0,0.0,0,1.0,0.145,38,0
SCR000175,FAM00442,1,1,10.0,4,0,0,1.0,0,2.0,0.24,53,0
SCR000176,FAM00564,0,1,,2,0,0,0.0,0,2.0,0.177,60,0
SCR000177,FAM00268,0,0,,2,0,0,0.0,0,3.0,0.27,54,0
SCR000178,FAM00510,2,0,116.0,3,0,0,1.0,0,3.0,0.358,46,1
SCR000179,FAM00386,0,0,,2,1,1,0.0,0,3.0,0.39,71,0
SCR000180,FAM00387,2,0,47.0,2,0,1,1.0,0,2.0,0.246,58,1
SCR000181,FAM00113,0,0,,2,0,0,1.0,1,5.0,0.372,32,0
SCR000182,FAM00613,3,0,91.0,2,0,0,,0,2.0,0.039,50,0
SCR000183,FAM00625,0,1,,4,1,1,0.0,0,10.0,0.309,37,0
SCR000184,FAM00081,1,0,218.0,3,0,0,0.0,0,4.0,0.354,43,0
SCR000185,FAM00113,1,0,348.0,1,1,1,0.0,0,1.0,0.31,68,0
SCR000186,FAM00002,0,0,,1,1,0,1.0,0,1.0,0.204,45,0
SCR000187,FAM00642,0,0,,2,0,1,1.0,0,2.0,0.343,47,0
SCR000188,FAM00220,1,0,44.0,1,1,0,0.0,1,3.0,0.431,60,1
SCR000189,FAM00566,0,0,,2,0,0,0.0,0,2.0,0.487,40,0
SCR000190,FAM00225,1,0,2.0,1,0,0,0.0,0,4.0,0.19,67,0
SCR000191,FAM00385,1,1,357.0,2,1,0,0.0,0,1.0,0.415,49,1
SCR000192,FAM00403,0,0,,1,0,0,0.0,0,1.0,0.148,75,0
SCR000193,FAM00638,0,0,,2,0,0,,0,1.0,0.228,74,0
SCR000194,FAM00130,0,0,,3,0,1,0.0,0,2.0,0.334,33,0
SCR000195,FAM00053,2,1,58.0,2,0,0,0.0,0,3.0,0.273,49,1
SCR000196,FAM00416,0,0,,5,0,0,,0,1.0,0.196,60,0
SCR000197,FAM00247,0,0,,4,0,0,1.0,0,2.0,0.243,49,0
SCR000198,FAM00439,0,0,,2,0,0,1.0,0,1.0,0.252,40,0
SCR000199,FAM00203,0,1,,1,1,0,0.0,0,1.0,0.373,79,0
SCR000200,FAM00184,0,0,,3,0,0,0.0,0,3.0,0.411,30,1
SCR000201,FAM00123,0,0,,4,1,0,,0,1.0,0.286,73,1
SCR000202,FAM00401,1,1,75.0,3,0,0,0.0,0,3.0,0.404,47,0
SCR000203,FAM00294,0,0,,1,0,0,0.0,0,,0.445,68,0
SCR000204,FAM00280,2,0,78.0,5,1,0,1.0,0,4.0,0.458,73,1
SCR000205,FAM00610,0,0,,1,0,0,,0,,0.357,62,0
SCR000206,FAM00198,2,0,265.0,3,0,0,0.0,0,2.0,0.445,65,0
SCR000207,FAM00511,1,0,304.0,4,1,1,0.0,0,3.0,0.334,47,1
SCR000208,FAM00144,0,0,,1,0,0,,0,3.0,0.456,76,0
SCR000209,FAM00609,0,0,,4,0,0,1.0,0,4.0,0.318,60,1
SCR000210,FAM00201,0,0,,2,1,0,0.0,0,1.0,0.164,64,1
SCR000211,FAM00124,0,1,,5,0,0,0.0,0,1.0,0.382,68,1
SCR000212,FAM00187,1,0,172.0,1,1,0,0.0,0,2.0,0.379,67,0
SCR000213,FAM00326,2,0,254.0,5,0,0,0.0,0,3.0,0.397,44,0
SCR000214,FAM00464,0,0,,1,0,1,0.0,0,1.0,0.416,76,0
SCR000215,FAM00349,3,0,188.0,3,0,1,0.0,0,1.0,0.324,35,1
SCR000216,FAM00403,0,0,,2,0,1,0.0,0,3.0,0.405,37,0
SCR000217,FAM00346,0,0,,2,0,0,0.0,0,1.0,0.225,69,0
SCR000218,FAM00511,1,1,86.0,1,0,0,0.0,0,1.0,0.35,51,0
SCR000219,FAM00147,0,0,,3,1,0,1.0,1,1.0,0.373,30,1
SCR000220,FAM00148,1,1,332.0,1,0,1,,0,,0.419,42,1
SCR000221,FAM00489,3,1,296.0,2,1,0,0.0,0,2.0,0.369,53,1
SCR000222,FAM00640,2,0,19.0,1,0,0,,0,1.0,0.394,50,0
SCR000223,FAM00551,0,0,,5,1,0,0.0,0,1.0,0.448,74,0
SCR000224,FAM00338,1,1,65.0,1,1,0,0.0,0,1.0,0.326,72,0
SCR000225,FAM00641,1,1,146.0,1,1,1,0.0,1,1.0,0.258,33,0
SCR000226,FAM00473,1,0,286.0,1,0,0,0.0,1,3.0,0.328,36,0
SCR000227,FAM00151,0,0,,2,1,0,0.0,0,1.0,0.401,41,0
SCR000228,FAM00415,1,0,5.0,1,0,0,0.0,0,2.0,0.352,42,0
SCR000229,FAM00298,1,1,93.0,2,1,1,,0,1.0,0.308,73,0
SCR000230,FAM00611,0,0,,4,1,0,1.0,0,,0.284,45,0
SCR000231,FAM00263,0,0,,3,0,1,0.0,0,1.0,0.264,35,1
SCR000232,FAM00144,2,1,106.0,2,0,0,,0,1.0,0.38,43,1
SCR000233,FAM00346,3,0,133.0,1,1,1,,0,3.0,0.252,77,0
SCR000234,FAM00624,0,0,,3,0,1,,0,2.0,0.365,60,0
SCR000235,FAM00572,0,0,,1,0,0,0.0,0,4.0,0.368,65,0
SCR000236,FAM00002,0,1,,3,0,0,1.0,1,1.0,0.43,66,0
SCR000237,FAM00304,0,0,,1,1,0,1.0,0,1.0,0.402,70,0
SCR000238,FAM00254,0,0,,2,1,0,0.0,1,,0.455,64,1
SCR000239,FAM00453,1,0,159.0,2,0,1,0.0,0,3.0,0.474,39,1
SCR000240,FAM00037,0,0,,4,1,0,0.0,0,1.0,0.351,46,0
SCR000241,FAM00160,2,0,149.0,1,0,0,1.0,0,2.0,0.294,71,0
SCR000242,FAM00009,0,0,,2,0,0,0.0,0,1.0,0.225,59,0
SCR000243,FAM00233,0,0,,1,0,0,0.0,0,1.0,0.2,73,0
SCR000244,FAM00099,0,1,,3,0,1,0.0,1,6.0,0.407,36,1
SCR000245,FAM00208,0,1,,4,0,0,0.0,1,2.0,0.439,47,0
SCR000246,FAM00131,2,0,356.0,2,1,1,0.0,0,4.0,0.124,48,1
SCR000247,FAM00404,0,0,,2,0,1,0.0,0,3.0,0.415,44,0
SCR000248,FAM00152,7,0,193.0,4,0,0,0.0,0,2.0,0.262,68,1
SCR000249,FAM00054,0,1,,2,0,0,0.0,0,1.0,0.315,73,0
SCR000250,FAM00120,0,0,,2,0,1,0.0,0,3.0,0.215,51,0
SCR000251,FAM00628,0,0,,2,0,0,1.0,0,1.0,0.387,68,0
SCR000252,FAM00587,0,0,,3,0,0,,0,2.0,0.319,71,0
SCR000253,FAM00625,1,0,55.0,1,0,0,1.0,0,2.0,0.359,59,0
SCR000254,FAM00420,1,0,258.0,3,0,0,0.0,0,4.0,0.415,49,0
SCR000255,FAM00422,0,0,,2,0,1,0.0,0,3.0,0.392,61,0
SCR000256,FAM00104,1,0,172.0,1,0,0,1.0,0,3.0,0.313,71,0
SCR000257,FAM00254,0,0,,3,1,0,0.0,1,1.0,0.388,54,1
SCR000258,FAM00227,0,0,,2,1,1,1.0,0,1.0,0.213,52,0
SCR000259,FAM00112,0,0,,1,1,1,1.0,1,1.0,0.275,34,0
SCR000260,FAM00510,0,0,,2,1,0,0.0,1,3.0,0.376,79,1
SCR000261,FAM00473,0,0,,4,1,1,0.0,1,7.0,0.346,70,0
SCR000262,FAM00099,3,0,286.0,4,1,0,0.0,0,1.0,0.384,59,0
SCR000263,FAM00153,2,0,10.0,5,1,1,0.0,0,1.0,0.546,77,0
SCR000264,FAM00338,1,0,227.0,4,1,0,0.0,1,2.0,0.329,68,0
SCR000265,FAM00163,1,0,186.0,1,0,0,0.0,0,4.0,0.278,56,0
SCR000266,FAM00161,0,0,,2,0,1,0.0,0,2.0,0.193,71,0
SCR000267,FAM00580,0,0,,3,0,0,0.0,1,1.0,0.083,66,0
SCR000268,FAM00398,2,1,134.0,2,0,1,1.0,0,8.0,0.294,36,0
SCR000269,FAM00277,3,0,323.0,2,1,0,1.0,1,4.0,0.211,34,1
SCR000270,FAM00504,0,0,,2,0,1,0.0,0,1.0,0.136,44,0
SCR000271,FAM00392,1,0,171.0,2,0,1,1.0,1,6.0,0.274,71,1
SCR000272,FAM00135,0,0,,4,1,0,0.0,0,2.0,0.239,37,0
SCR000273,FAM00195,1,0,18.0,2,0,1,0.0,0,1.0,0.31,38,0
SCR000274,FAM00401,0,0,,2,0,0,0.0,0,2.0,0.395,40,1
SCR000275,FAM00640,0,0,,5,0,1,,1,4.0,0.345,51,0
SCR000276,FAM00033,0,0,,2,0,0,0.0,1,3.0,0.28,63,0
SCR000277,FAM00460,0,0,,1,0,1,1.0,1,1.0,0.446,64,0
SCR000278,FAM00470,0,1,,2,1,0,1.0,0,7.0,0.406,42,1
SCR000279,FAM00375,1,1,278.0,3,0,0,0.0,0,1.0,0.4,40,1
SCR000280,FAM00022,0,0,,3,1,0,,0,3.0,0.289,61,0
SCR000281,FAM00038,1,0,109.0,3,0,0,0.0,1,3.0,0.349,71,1
SCR000282,FAM00230,0,0,,3,0,1,0.0,0,1.0,0.135,44,1
SCR000283,FAM00365,0,0,,1,0,0,1.0,0,1.0,0.443,67,0
SCR000284,FAM00563,1,0,168.0,4,0,0,0.0,0,5.0,0.194,30,0
SCR000285,FAM00438,0,0,,4,1,0,0.0,1,2.0,0.323,75,1
SCR000286,FAM00283,0,0,,1,1,0,0.0,1,3.0,0.42,79,0
SCR000287,FAM00027,0,0,,1,1,0,0.0,0,2.0,0.365,53,0
SCR000288,FAM00226,1,0,358.0,5,1,1,0.0,0,3.0,0.335,72,0
SCR000289,FAM00277,0,0,,4,0,1,,0,2.0,0.277,69,0
SCR000290,FAM00609,2,1,215.0,4,1,0,0.0,0,1.0,0.429,51,1
SCR000291,FAM00284,0,0,,4,1,0,0.0,0,1.0,0.268,32,1
SCR000292,FAM00481,0,0,,2,0,0,,1,4.0,0.351,43,0
SCR000293,FAM00453,0,0,,2,0,0,0.0,0,2.0,0.237,31,0
SCR000294,FAM00516,0,0,,2,0,0,,0,1.0,0.504,61,0
SCR000295,FAM00547,1,0,141.0,1,0,1,0.0,0,6.0,0.245,77,0
SCR000296,FAM00192,0,0,,3,1,0,0.0,0,4.0,0.444,67,0
SCR000297,FAM00049,1,0,9.0,2,0,1,0.0,1,1.0,0.424,62,0
SCR000298,FAM00512,0,0,,2,0,0,0.0,0,14.0,0.348,75,0
SCR000299,FAM00017,1,0,295.0,2,0,0,0.0,0,3.0,0.422,71,0
SCR000300,FAM00172,0,0,,2,1,0,0.0,0,1.0,0.409,35,1
SCR000301,FAM00220,1,0,118.0,1,0,0,1.0,0,1.0,0.445,70,0
SCR000302,FAM00158,1,0,290.0,1,1,0,0.0,0,3.0,0.256,68,0
SCR000303,FAM00477,0,0,,1,1,1,0.0,0,4.0,0.281,54,0
SCR000304,FAM00046,0,0,,1,0,0,0.0,0,1.0,0.31,63,0
SCR000305,FAM00373,0,1,,5,0,1,,0,1.0,0.202,40,1
SCR000306,FAM00518,0,0,,1,0,0,0.0,0,1.0,0.282,75,0
SCR000307,FAM00099,0,0,,1,1,0,0.0,0,2.0,0.411,66,0
SCR000308,FAM00037,1,0,122.0,2,0,0,1.0,0,1.0,0.288,70,0
SCR000309,FAM00280,2,1,167.0,2,1,0,,0,1.0,0.291,36,0
SCR000310,FAM00349,0,1,,1,1,0,,0,3.0,0.306,75,1
SCR000311,FAM00497,1,0,45.0,3,0,0,0.0,0,4.0,0.313,77,0
SCR000312,FAM00302,1,0,344.0,3,0,0,,0,2.0,0.316,51,1
SCR000313,FAM00181,0,0,,1,0,0,0.0,0,1.0,0.338,77,0
SCR000314,FAM00607,2,0,284.0,1,0,0,,0,2.0,0.411,68,0
SCR000315,FAM00099,0,0,,4,0,0,1.0,0,1.0,0.397,39,0
SCR000316,FAM00116,3,0,27.0,3,0,0,0.0,0,,0.402,50,1
SCR000317,FAM00191,1,0,193.0,3,1,1,0.0,0,3.0,0.35,35,1
SCR000318,FAM00253,0,0,,1,0,0,1.0,0,1.0,0.377,78,0
SCR000319,FAM00161,0,1,,2,0,1,1.0,1,1.0,0.112,30,1
SCR000320,FAM00256,0,0,,2,1,0,1.0,0,2.0,0.135,63,0
SCR000321,FAM00323,0,0,,1,0,0,,1,2.0,0.188,43,0
SCR000322,FAM00128,0,0,,2,0,0,0.0,0,2.0,0.104,65,0
SCR000323,FAM00018,2,1,121.0,2,1,1,1.0,0,4.0,0.195,56,1
SCR000324,FAM00566,0,1,,2,1,0,0.0,0,3.0,0.307,38,1
SCR000325,FAM00570,1,0,39.0,3,0,1,1.0,0,2.0,0.267,35,0
SCR000326,FAM00323,0,0,,3,1,0,1.0,0,4.0,0.376,60,0
SCR000327,FAM00626,1,1,94.0,2,0,0,0.0,0,3.0,0.342,46,0
SCR000328,FAM00288,0,0,,3,0,0,1.0,0,4.0,0.322,72,0
SCR000329,FAM00639,0,0,,1,0,0,0.0,0,7.0,0.395,65,0
SCR000330,FAM00155,1,0,121.0,3,0,0,0.0,0,1.0,0.272,50,0
SCR000331,FAM00490,0,0,,1,0,0,,1,1.0,0.47,56,0
SCR000332,FAM00386,0,0,,1,1,0,1.0,1,5.0,0.2,70,0
SCR000333,FAM00104,0,1,,2,0,1,,0,3.0,0.326,57,0
SCR000334,FAM00393,0,0,,2,0,0,0.0,1,6.0,0.285,45,0
SCR000335,FAM00246,2,0,337.0,4,1,1,0.0,1,1.0,0.342,64,1
SCR000336,FAM00176,1,0,324.0,2,0,0,,0,2.0,0.466,65,0
SCR000337,FAM00039,1,0,173.0,1,0,0,0.0,0,1.0,0.298,64,0
SCR000338,FAM00477,0,0,,2,0,1,1.0,0,2.0,0.527,74,0
SCR000339,FAM00538,3,0,64.0,2,0,1,1.0,0,1.0,0.153,48,1
SCR000340,FAM00408,0,0,,2,0,1,0.0,0,1.0,0.387,50,0
SCR000341,FAM00525,2,0,322.0,3,0,0,0.0,0,1.0,0.403,62,0
SCR000342,FAM00506,0,0,,3,0,0,1.0,0,2.0,0.297,52,0
SCR000343,FAM00036,0,0,,4,0,0,,0,1.0,0.396,35,0
SCR000344,FAM00020,0,1,,5,0,0,1.0,1,1.0,0.355,61,0
SCR000345,FAM00321,1,0,87.0,1,0,0,0.0,0,1.0,0.538,51,0
SCR000346,FAM00512,0,0,,3,0,1,1.0,0,,0.423,32,0
SCR000347,FAM00400,1,0,259.0,2,1,1,0.0,1,6.0,0.096,64,1
SCR000348,FAM00471,0,0,,3,0,0,,0,,0.275,45,0
SCR000349,FAM00143,1,0,178.0,2,0,0,1.0,0,1.0,0.181,71,0
SCR000350,FAM00092,1,0,280.0,5,1,1,0.0,1,4.0,0.479,54,1
SCR000351,FAM00354,1,0,344.0,3,0,0,,1,3.0,0.356,46,0
SCR000352,FAM00051,0,0,,5,1,0,0.0,0,3.0,0.346,68,0
SCR000353,FAM00575,3,0,296.0,3,1,0,1.0,0,3.0,0.323,42,1
SCR000354,FAM00190,3,0,202.0,4,0,0,0.0,1,6.0,0.276,57,0
SCR000355,FAM00125,0,0,,3,1,1,0.0,0,1.0,0.366,40,0
SCR000356,FAM00150,1,0,262.0,2,0,0,1.0,0,10.0,0.252,39,0
SCR000357,FAM00314,3,0,194.0,1,0,0,0.0,0,4.0,0.145,68,0
SCR000358,FAM00570,0,0,,2,0,0,0.0,0,2.0,0.317,53,0
SCR000359,FAM00342,2,0,35.0,1,1,1,1.0,0,,0.11,67,0
SCR000360,FAM00305,0,0,,2,1,1,0.0,0,3.0,0.451,53,0
SCR000361,FAM00054,1,0,263.0,2,0,0,1.0,1,1.0,0.336,62,0
SCR000362,FAM00444,0,0,,2,0,0,0.0,0,1.0,0.271,46,0
SCR000363,FAM00613,2,1,53.0,5,0,0,,0,7.0,0.209,73,0
SCR000364,FAM00264,0,1,,4,1,0,1.0,0,2.0,0.318,65,0
SCR000365,FAM00053,0,0,,1,0,0,0.0,1,1.0,0.302,64,0
SCR000366,FAM00572,4,0,76.0,2,0,0,0.0,0,3.0,0.251,35,0
SCR000367,FAM00620,0,0,,2,0,0,0.0,0,2.0,0.39,45,0
SCR000368,FAM00005,0,0,,2,1,0,1.0,1,1.0,0.271,74,0
SCR000369,FAM00103,0,0,,3,0,0,0.0,0,3.0,0.129,57,0
SCR000370,FAM00196,1,0,280.0,2,0,1,0.0,0,3.0,0.363,70,0
SCR000371,FAM00350,0,0,,2,0,0,0.0,1,1.0,0.324,61,0
SCR000372,FAM00047,0,1,,4,1,0,0.0,1,7.0,0.36,55,1
SCR000373,FAM00269,0,0,,3,0,1,0.0,0,1.0,0.523,40,0
SCR000374,FAM00370,1,1,252.0,1,0,0,0.0,1,2.0,0.286,54,1
SCR000375,FAM00636,0,1,,3,1,0,0.0,0,1.0,0.313,60,1
SCR000376,FAM00106,0,0,,2,0,0,0.0,0,,0.318,50,1
SCR000377,FAM00120,0,0,,1,0,0,0.0,1,1.0,0.413,74,0
SCR000378,FAM00604,0,0,,1,1,1,0.0,1,1.0,0.45,32,1
SCR000379,FAM00058,1,0,73.0,2,1,0,0.0,0,4.0,0.152,41,0
SCR000380,FAM00346,1,0,330.0,2,0,1,1.0,0,,0.069,69,0
SCR000381,FAM00474,3,0,36.0,1,1,0,1.0,0,4.0,0.403,75,0
SCR000382,FAM00117,0,0,,3,0,0,,0,2.0,0.189,70,0
SCR000383,FAM00127,1,1,216.0,3,1,0,0.0,0,9.0,0.157,54,1
SCR000384,FAM00393,2,0,206.0,1,0,0,0.0,0,2.0,0.355,46,1
SCR000385,FAM00641,0,1,,1,1,0,1.0,0,1.0,0.476,67,1
SCR000386,FAM00058,1,0,91.0,3,0,0,1.0,0,1.0,0.36,65,1
SCR000387,FAM00634,0,0,,1,0,0,0.0,0,5.0,0.229,65,0
SCR000388,FAM00513,0,0,,4,0,0,0.0,1,4.0,0.284,48,1
SCR000389,FAM00096,0,0,,2,0,1,0.0,0,1.0,0.293,73,0
SCR000390,FAM00638,0,1,,2,1,0,0.0,0,2.0,0.388,31,1
SCR000391,FAM00118,0,0,,1,0,1,1.0,1,2.0,0.241,46,1
SCR000392,FAM00560,2,0,282.0,1,1,0,0.0,0,7.0,0.312,59,1
SCR000393,FAM00601,0,0,,1,1,0,0.0,0,6.0,0.321,76,0
SCR000394,FAM00488,1,0,228.0,1,1,1,0.0,0,9.0,0.136,39,0
SCR000395,FAM00237,0,0,,2,0,0,1.0,0,5.0,0.445,64,0
SCR000396,FAM00272,0,0,,1,0,0,,0,5.0,0.16,65,0
SCR000397,FAM00189,0,0,,2,0,0,1.0,0,1.0,0.098,62,0
SCR000398,FAM00447,0,0,,2,0,0,0.0,0,4.0,0.316,30,0
SCR000399,FAM00581,1,1,71.0,1,1,0,0.0,0,3.0,0.454,47,1
SCR000400,FAM00247,0,0,,1,0,1,1.0,0,7.0,0.432,33,0
SCR000401,FAM00076,1,0,95.0,1,0,0,0.0,0,,0.338,76,0
SCR000402,FAM00154,0,0,,1,0,1,0.0,1,1.0,0.475,56,0
SCR000403,FAM00435,0,0,,3,1,0,0.0,0,2.0,0.392,54,0
SCR000404,FAM00086,0,0,,2,0,0,0.0,0,,0.372,57,0
SCR000405,FAM00285,0,0,,3,0,0,0.0,0,1.0,0.268,51,1
SCR000406,FAM00220,2,0,13.0,2,1,1,,0,2.0,0.245,71,0
SCR000407,FAM00069,0,0,,2,1,1,0.0,1,2.0,0.291,54,0
SCR000408,FAM00047,2,0,224.0,2,0,0,,0,1.0,0.348,46,1
SCR000409,FAM00094,2,0,175.0,3,0,0,0.0,1,,0.441,73,1
SCR000410,FAM00453,0,0,,1,1,0,,0,1.0,0.371,41,0
SCR000411,FAM00204,0,0,,1,0,0,0.0,1,,0.338,45,1
SCR000412,FAM00218,0,1,,2,1,0,,0,,0.298,66,0
SCR000413,FAM00474,0,0,,2,0,1,1.0,0,1.0,0.341,45,1
SCR000414,FAM00432,0,1,,2,0,0,1.0,0,3.0,0.351,46,0
SCR000415,FAM00341,1,0,306.0,2,0,1,0.0,0,3.0,0.211,60,0
SCR000416,FAM00551,1,0,334.0,2,0,0,0.0,0,1.0,0.199,44,0
SCR000417,FAM00612,0,0,,2,0,0,0.0,0,1.0,0.357,42,0
SCR000418,FAM00289,1,0,3.0,2,1,0,,0,2.0,0.434,69,1
SCR000419,FAM00254,1,0,179.0,3,0,0,0.0,1,2.0,0.25,56,0
SCR000420,FAM00357,0,0,,3,0,1,0.0,0,,0.188,50,0
SCR000421,FAM00023,0,1,,2,0,0,0.0,0,2.0,0.262,31,0
SCR000422,FAM00522,0,0,,3,1,0,0.0,1,1.0,0.376,37,0
SCR000423,FAM00100,1,0,235.0,4,1,0,0.0,1,8.0,0.266,71,1
SCR000424,FAM00180,0,0,,2,1,0,1.0,0,1.0,0.317,36,0
SCR000425,FAM00223,1,0,360.0,2,0,0,0.0,0,3.0,0.445,39,0
SCR000426,FAM00442,0,0,,3,1,1,1.0,0,1.0,0.344,33,1
SCR000427,FAM00608,0,0,,2,0,0,1.0,0,1.0,0.192,72,0
SCR000428,FAM00325,2,0,142.0,1,0,1,0.0,0,2.0,0.114,70,1
SCR000429,FAM00516,1,0,86.0,4,0,0,0.0,1,1.0,0.365,65,0
SCR000430,FAM00016,1,1,46.0,1,1,0,0.0,0,2.0,0.309,64,0
SCR000431,FAM00336,1,0,332.0,3,0,1,1.0,0,,0.444,72,1
SCR000432,FAM00258,0,0,,3,0,0,0.0,1,2.0,0.444,32,0
SCR000433,FAM00497,0,1,,5,0,1,0.0,0,3.0,0.261,47,1
SCR000434,FAM00160,2,0,152.0,1,0,0,0.0,0,1.0,0.334,75,0
SCR000435,FAM00475,1,0,61.0,2,0,0,0.0,0,5.0,0.314,72,0
SCR000436,FAM00380,0,0,,2,0,1,0.0,0,1.0,0.348,53,0
SCR000437,FAM00545,1,0,86.0,2,1,1,0.0,0,,0.234,61,0
SCR000438,FAM00427,0,0,,1,1,0,1.0,0,3.0,0.463,63,0
SCR000439,FAM00613,0,0,,2,0,0,1.0,1,2.0,0.23,31,0
SCR000440,FAM00268,0,0,,2,0,0,0.0,0,2.0,0.378,31,1
SCR000441,FAM00577,1,0,104.0,1,0,1,0.0,0,1.0,0.247,39,0
SCR000442,FAM00417,0,0,,2,0,0,1.0,0,4.0,0.242,52,0
SCR000443,FAM00168,0,1,,3,1,1,,0,2.0,0.348,44,1
SCR000444,FAM00043,3,0,357.0,3,1,0,1.0,0,1.0,0.293,41,1
SCR000445,FAM00556,0,0,,4,0,0,0.0,0,1.0,0.302,72,0
SCR000446,FAM00285,0,0,,2,0,0,0.0,0,4.0,0.3,46,0
SCR000447,FAM00397,0,1,,5,1,0,0.0,0,2.0,0.396,47,0
SCR000448,FAM00012,0,0,,4,0,1,0.0,0,1.0,0.338,43,0
SCR000449,FAM00607,2,0,327.0,1,1,0,1.0,0,,0.395,46,0
SCR000450,FAM00302,0,1,,1,0,1,,0,1.0,0.222,44,1
SCR000451,FAM00253,0,0,,2,1,0,0.0,0,2.0,0.282,41,0
SCR000452,FAM00499,0,1,,2,0,1,0.0,0,4.0,0.287,45,0
SCR000453,FAM00035,0,0,,2,1,1,1.0,0,2.0,0.497,61,0
SCR000454,FAM00090,0,0,,2,0,0,0.0,1,2.0,0.358,52,0
SCR000455,FAM00605,0,1,,3,1,0,1.0,0,5.0,0.166,67,0
SCR000456,FAM00602,0,0,,2,1,0,0.0,0,2.0,0.285,63,0
SCR000457,FAM00418,0,0,,1,0,1,0.0,0,2.0,0.317,63,0
SCR000458,FAM00115,0,0,,4,0,1,1.0,0,1.0,0.196,45,1
SCR000459,FAM00617,0,1,,2,0,0,,0,2.0,0.367,63,0
SCR000460,FAM00196,3,0,197.0,5,1,1,0.0,0,2.0,0.379,69,0
SCR000461,FAM00501,0,0,,1,0,0,0.0,0,2.0,0.347,36,0
SCR000462,FAM00626,1,0,88.0,5,0,0,0.0,0,10.0,0.343,62,0
SCR000463,FAM00493,0,0,,1,0,1,0.0,0,5.0,0.365,33,0
SCR000464,FAM00075,0,0,,1,1,0,,1,3.0,0.27,72,0
SCR000465,FAM00413,0,0,,1,0,1,0.0,0,2.0,0.167,36,0
SCR000466,FAM00376,0,0,,3,1,0,0.0,0,2.0,0.092,47,0
SCR000467,FAM00420,0,0,,4,1,0,0.0,1,1.0,0.098,33,0
SCR000468,FAM00277,1,0,356.0,2,0,0,0.0,1,1.0,0.283,78,0
SCR000469,FAM00394,0,0,,4,1,0,1.0,0,3.0,0.429,40,0
SCR000470,FAM00457,2,1,75.0,2,0,1,1.0,0,,0.049,72,1
SCR000471,FAM00192,0,1,,2,0,0,,0,,0.443,49,0
SCR000472,FAM00099,2,0,63.0,3,0,0,0.0,1,1.0,0.349,40,1
SCR000473,FAM00548,0,0,,1,0,0,1.0,0,,0.136,44,0
SCR000474,FAM00096,0,0,,2,1,0,0.0,1,3.0,0.339,75,0
SCR000475,FAM00190,5,0,275.0,4,1,1,0.0,0,2.0,0.246,46,1
SCR000476,FAM00037,0,0,,4,0,0,1.0,0,5.0,0.292,63,0
SCR000477,FAM00369,0,0,,5,1,0,0.0,1,10.0,0.4,79,1
SCR000478,FAM00525,0,0,,4,1,1,0.0,0,1.0,0.136,77,0
SCR000479,FAM00279,0,1,,1,1,0,1.0,0,1.0,0.204,41,1
SCR000480,FAM00217,0,0,,3,1,1,0.0,0,,0.24,71,0
SCR000481,FAM00273,0,0,,2,0,0,0.0,0,3.0,0.283,57,0
SCR000482,FAM00062,1,0,126.0,5,1,0,,0,1.0,0.215,77,0
SCR000483,FAM00596,1,1,255.0,2,0,1,0.0,0,,0.481,64,1
SCR000484,FAM00342,1,0,72.0,2,0,0,1.0,0,2.0,0.39,37,1
SCR000485,FAM00397,1,0,38.0,2,0,0,0.0,0,2.0,0.247,56,0
SCR000486,FAM00019,0,0,,2,1,0,0.0,0,3.0,0.271,51,0
SCR000487,FAM00177,1,0,204.0,1,1,0,1.0,1,2.0,0.345,53,1
SCR000488,FAM00612,0,0,,4,1,0,0.0,0,2.0,0.302,31,0
SCR000489,FAM00396,0,0,,3,0,1,,0,1.0,0.509,60,1
SCR000490,FAM00445,1,0,217.0,1,0,0,0.0,0,2.0,0.132,51,0
SCR000491,FAM00233,1,0,245.0,3,1,0,,0,2.0,0.354,30,0
SCR000492,FAM00076,0,0,,2,0,1,0.0,1,2.0,0.305,43,1
SCR000493,FAM00265,0,1,,2,1,0,1.0,0,5.0,0.318,54,0
SCR000494,FAM00455,3,0,298.0,1,0,0,1.0,0,5.0,0.454,65,0
SCR000495,FAM00384,0,0,,4,0,1,0.0,0,4.0,0.3,65,0
SCR000496,FAM00564,1,0,182.0,3,0,1,0.0,1,,0.454,70,0
SCR000497,FAM00506,2,0,334.0,2,0,0,0.0,1,3.0,0.306,32,0
SCR000498,FAM00367,1,0,205.0,2,0,0,0.0,1,2.0,0.315,34,1
SCR000499,FAM00144,0,0,,1,1,0,0.0,0,,0.463,30,0
SCR000500,FAM00069,0,1,,2,0,0,1.0,1,1.0,0.238,48,0
SCR000501,FAM00099,1,1,332.0,1,1,0,0.0,0,1.0,0.308,62,0
SCR000502,FAM00396,0,0,,1,0,1,0.0,0,1.0,0.287,71,0
SCR000503,FAM00025,1,0,242.0,3,0,1,0.0,0,2.0,0.429,59,1
SCR000504,FAM00469,1,0,130.0,4,0,1,0.0,0,7.0,0.274,41,0
SCR000505,FAM00484,0,0,,2,0,0,0.0,0,1.0,0.322,39,0
SCR000506,FAM00565,0,0,,1,0,1,0.0,1,5.0,0.41,63,0
SCR000507,FAM00151,2,0,44.0,2,0,0,0.0,0,1.0,0.356,45,0
SCR000508,FAM00144,0,1,,4,0,0,,0,1.0,0.302,69,0
SCR000509,FAM00569,0,0,,3,1,0,,0,2.0,0.113,75,0
SCR000510,FAM00039,3,1,204.0,4,1,0,,0,3.0,0.149,58,0
SCR000511,FAM00109,0,1,,2,1,1,0.0,0,1.0,0.344,44,0
SCR000512,FAM00042,1,0,257.0,3,1,0,1.0,1,1.0,0.301,77,1
SCR000513,FAM00186,1,0,17.0,1,0,0,0.0,0,2.0,0.092,40,1
SCR000514,FAM00398,0,0,,2,1,1,0.0,0,1.0,0.303,73,0
SCR000515,FAM00223,0,0,,2,0,0,,0,,0.079,63,1
SCR000516,FAM00634,0,0,,2,1,1,1.0,1,2.0,0.393,65,1
SCR000517,FAM00133,2,0,201.0,4,1,0,0.0,0,1.0,0.124,59,0
SCR000518,FAM00163,2,1,59.0,4,0,0,0.0,0,5.0,0.25,64,0
SCR000519,FAM00215,0,0,,1,0,1,0.0,0,,0.274,38,0
SCR000520,FAM00235,1,0,119.0,1,0,0,0.0,0,3.0,0.384,47,0
SCR000521,FAM00588,1,1,41.0,2,0,0,0.0,1,4.0,0.368,48,1
SCR000522,FAM00009,0,0,,1,0,0,,0,7.0,0.336,68,0
SCR000523,FAM00074,1,0,331.0,2,1,0,,0,2.0,0.377,33,0
SCR000524,FAM00492,0,0,,4,0,0,0.0,1,,0.387,35,1
SCR000525,FAM00253,1,0,8.0,5,0,0,0.0,0,1.0,0.139,62,0
SCR000526,FAM00230,2,1,183.0,3,0,0,0.0,0,3.0,0.366,61,1
SCR000527,FAM00519,0,0,,3,1,1,0.0,0,2.0,0.181,45,1
SCR000528,FAM00174,1,0,181.0,2,0,0,,0,2.0,0.338,40,1
SCR000529,FAM00168,0,0,,1,1,0,1.0,0,4.0,0.395,51,1
SCR000530,FAM00170,1,0,72.0,2,1,0,1.0,0,1.0,0.369,65,0
SCR000531,FAM00393,0,0,,2,1,1,0.0,1,5.0,0.232,79,0
SCR000532,FAM00634,0,1,,3,0,1,0.0,0,4.0,0.314,52,0
SCR000533,FAM00194,1,0,290.0,1,0,0,0.0,0,2.0,0.395,55,0
SCR000534,FAM00517,3,0,313.0,2,0,1,0.0,0,2.0,0.278,60,0
SCR000535,FAM00029,2,0,117.0,2,0,0,0.0,0,,0.249,58,0
SCR000536,FAM00165,1,0,120.0,5,0,0,1.0,0,11.0,0.278,34,1
SCR000537,FAM00422,0,0,,2,1,0,1.0,0,1.0,0.267,67,1
SCR000538,FAM00339,0,1,,3,0,0,0.0,0,2.0,0.408,54,0
SCR000539,FAM00648,0,0,,3,0,0,0.0,0,3.0,0.38,63,0
SCR000540,FAM00496,2,0,296.0,1,1,0,0.0,0,,0.25,41,0
SCR000541,FAM00365,1,0,103.0,2,0,1,0.0,0,4.0,0.326,51,0
SCR000542,FAM00342,0,0,,4,0,1,0.0,0,3.0,0.414,38,0
SCR000543,FAM00500,0,0,,2,0,0,0.0,0,1.0,0.21,49,0
SCR000544,FAM00511,0,0,,4,0,1,,0,1.0,0.35,58,0
SCR000545,FAM00327,2,0,209.0,1,0,0,0.0,0,1.0,0.337,73,0
SCR000546,FAM00217,1,1,314.0,1,0,0,0.0,0,5.0,0.284,58,1
SCR000547,FAM00301,0,0,,4,0,0,1.0,1,3.0,0.329,74,0
SCR000548,FAM00132,1,0,348.0,3,0,0,0.0,0,3.0,0.395,56,0
SCR000549,FAM00070,0,0,,5,1,0,0.0,1,3.0,0.184,46,0
SCR000550,FAM00252,0,0,,3,0,1,,0,2.0,0.365,34,1
SCR000551,FAM00415,0,1,,4,0,0,0.0,0,,0.05,74,0
SCR000552,FAM00445,0,1,,3,1,0,0.0,0,,0.308,42,1
SCR000553,FAM00182,0,0,,3,0,0,0.0,0,1.0,0.273,71,0
SCR000554,FAM00167,1,1,273.0,2,0,0,0.0,0,3.0,0.419,44,0
SCR000555,FAM00091,1,1,137.0,2,0,1,0.0,0,1.0,0.132,44,0
SCR000556,FAM00531,0,1,,4,1,0,1.0,1,3.0,0.372,47,1
SCR000557,FAM00039,1,0,301.0,2,0,1,0.0,0,3.0,0.433,79,0
SCR000558,FAM00126,0,0,,2,0,1,0.0,0,2.0,0.296,31,0
SCR000559,FAM00451,0,0,,2,1,0,0.0,0,1.0,0.295,52,1
SCR000560,FAM00173,0,1,,2,1,0,0.0,1,1.0,0.371,72,0
SCR000561,FAM00220,2,0,265.0,2,0,1,1.0,1,1.0,0.386,42,0
SCR000562,FAM00638,0,0,,1,1,1,0.0,0,3.0,0.418,72,0
SCR000563,FAM00058,1,0,84.0,4,0,0,0.0,0,1.0,0.384,33,0
SCR000564,FAM00476,0,0,,2,0,1,0.0,0,4.0,0.328,76,0
SCR000565,FAM00456,0,0,,2,1,1,0.0,0,3.0,0.156,54,0
SCR000566,FAM00361,0,1,,1,0,0,1.0,0,1.0,0.148,40,0
SCR000567,FAM00001,0,0,,1,0,0,0.0,0,3.0,0.158,79,0
SCR000568,FAM00387,3,1,261.0,1,0,1,0.0,0,3.0,0.379,77,1
SCR000569,FAM00348,2,0,63.0,3,1,0,1.0,0,3.0,0.299,71,1
SCR000570,FAM00190,1,0,164.0,1,0,0,1.0,0,1.0,0.33,41,0
SCR000571,FAM00505,0,0,,4,1,0,0.0,0,1.0,0.447,42,1
SCR000572,FAM00191,1,0,334.0,1,0,0,0.0,1,1.0,0.331,38,0
SCR000573,FAM00508,1,0,201.0,1,0,0,0.0,0,1.0,0.298,74,0
SCR000574,FAM00369,0,0,,1,1,1,0.0,0,4.0,0.303,67,0
SCR000575,FAM00409,0,0,,1,0,0,1.0,0,3.0,0.264,35,0
SCR000576,FAM00117,0,0,,3,1,0,0.0,0,6.0,0.273,72,0
SCR000577,FAM00134,2,0,114.0,4,0,0,0.0,0,1.0,0.257,72,0
SCR000578,FAM00058,0,0,,2,1,0,1.0,0,1.0,0.273,39,0
SCR000579,FAM00556,0,0,,1,0,0,0.0,0,3.0,0.325,52,0
SCR000580,FAM00173,1,0,281.0,1,0,0,0.0,1,1.0,0.448,44,0
SCR000581,FAM00149,1,0,202.0,2,1,0,1.0,0,1.0,0.419,74,0
SCR000582,FAM00080,0,0,,5,1,0,1.0,0,2.0,0.267,52,0
SCR000583,FAM00213,2,0,234.0,1,1,0,1.0,0,1.0,0.255,69,0
SCR000584,FAM00203,0,0,,3,0,0,0.0,0,3.0,0.426,66,0
SCR000585,FAM00229,0,0,,2,1,1,1.0,0,1.0,0.166,63,0
SCR000586,FAM00227,2,0,43.0,1,0,0,,0,3.0,0.258,45,1
SCR000587,FAM00532,2,0,57.0,2,0,0,0.0,0,4.0,0.145,74,0
SCR000588,FAM00441,1,0,142.0,1,1,1,1.0,0,1.0,0.113,70,1
SCR000589,FAM00402,0,0,,3,0,0,0.0,1,6.0,0.356,76,0
SCR000590,FAM00047,1,0,72.0,1,0,0,1.0,0,2.0,0.317,61,0
SCR000591,FAM00233,0,0,,3,1,0,0.0,1,6.0,0.301,67,0
SCR000592,FAM00305,0,0,,1,1,0,0.0,0,1.0,0.252,69,0
SCR000593,FAM00526,0,0,,5,1,1,1.0,0,2.0,0.356,75,0
SCR000594,FAM00143,0,0,,1,0,1,0.0,0,2.0,0.369,34,1
SCR000595,FAM00415,0,0,,4,0,0,0.0,0,3.0,0.312,46,0
SCR000596,FAM00513,1,1,215.0,3,0,0,0.0,0,2.0,0.091,51,0
SCR000597,FAM00373,0,1,,5,0,0,1.0,0,2.0,0.133,68,0
SCR000598,FAM00566,1,0,204.0,2,0,1,0.0,0,5.0,0.389,70,0
SCR000599,FAM00259,0,0,,3,0,1,,0,,0.31,77,0
SCR000600,FAM00471,0,0,,2,0,0,0.0,0,1.0,0.288,47,0
SCR000601,FAM00012,0,0,,1,1,0,1.0,1,2.0,0.344,57,0
SCR000602,FAM00330,0,0,,2,1,0,1.0,0,2.0,0.338,42,0
SCR000603,FAM00358,1,0,362.0,1,1,0,1.0,0,,0.271,79,1
SCR000604,FAM00408,0,0,,5,1,0,0.0,0,,0.426,71,0
SCR000605,FAM00373,0,0,,1,0,0,0.0,1,7.0,0.122,30,0
SCR000606,FAM00008,0,1,,2,0,0,,0,3.0,0.322,79,0
SCR000607,FAM00122,1,0,349.0,2,1,1,0.0,0,1.0,0.412,48,1
SCR000608,FAM00348,0,1,,2,1,1,0.0,0,1.0,0.377,63,1
SCR000609,FAM00090,0,1,,3,0,0,1.0,0,8.0,0.334,33,0
SCR000610,FAM00648,1,0,272.0,1,0,0,1.0,0,3.0,0.415,72,0
SCR000611,FAM00316,0,0,,2,1,1,0.0,0,5.0,0.184,32,0
SCR000612,FAM00178,0,0,,1,0,0,0.0,0,1.0,0.376,70,0
SCR000613,FAM00540,0,0,,4,1,0,1.0,0,3.0,0.14,39,0
SCR000614,FAM00041,0,0,,3,1,0,0.0,0,3.0,0.284,57,0
SCR000615,FAM00502,0,0,,5,0,0,0.0,0,1.0,0.093,63,0
SCR000616,FAM00145,0,0,,1,0,0,0.0,0,2.0,0.352,68,0
SCR000617,FAM00201,1,0,56.0,1,1,0,0.0,1,2.0,0.241,76,0
SCR000618,FAM00461,0,0,,1,0,0,1.0,1,2.0,0.413,48,0
SCR000619,FAM00558,0,0,,1,0,0,0.0,0,4.0,0.166,71,0
SCR000620,FAM00547,0,0,,1,0,0,0.0,0,4.0,0.447,75,0
SCR000621,FAM00253,0,0,,3,0,0,0.0,0,4.0,0.418,65,0
SCR000622,FAM00390,0,0,,1,0,1,1.0,0,4.0,0.331,72,0
SCR000623,FAM00594,0,0,,2,0,0,,0,2.0,0.35,32,0
SCR000624,FAM00256,0,0,,4,0,0,,0,1.0,0.392,52,0
SCR000625,FAM00450,1,0,100.0,3,1,0,1.0,1,,0.364,46,1
SCR000626,FAM00010,0,1,,2,1,0,,1,2.0,0.474,36,1
SCR000627,FAM00242,0,0,,2,1,0,1.0,0,1.0,0.275,55,0
SCR000628,FAM00251,0,0,,2,0,1,1.0,0,2.0,0.303,72,0
SCR000629,FAM00005,2,0,86.0,1,1,0,0.0,1,1.0,0.255,47,1
SCR000630,FAM00119,0,1,,2,0,0,0.0,1,,0.236,75,0
SCR000631,FAM00374,0,0,,2,0,0,0.0,1,1.0,0.364,75,0
SCR000632,FAM00065,1,0,336.0,4,1,0,0.0,0,1.0,0.243,35,0
SCR000633,FAM00146,1,0,51.0,3,0,0,1.0,0,7.0,0.267,60,1
SCR000634,FAM00224,0,0,,2,0,0,1.0,0,4.0,0.294,58,1
SCR000635,FAM00239,0,0,,2,0,0,1.0,0,4.0,0.314,38,0
SCR000636,FAM00177,1,0,174.0,1,1,0,0.0,0,2.0,0.367,64,0
SCR000637,FAM00282,1,1,106.0,3,0,0,1.0,0,4.0,0.107,46,0
SCR000638,FAM00063,1,0,63.0,2,0,0,1.0,1,3.0,0.312,41,1
SCR000639,FAM00217,0,0,,1,0,0,,1,2.0,0.369,65,0
SCR000640,FAM00461,0,0,,1,0,0,1.0,0,7.0,0.318,77,1
SCR000641,FAM00610,0,0,,1,0,0,0.0,1,1.0,0.404,53,0
SCR000642,FAM00105,2,1,81.0,3,0,0,0.0,0,6.0,0.438,39,0
SCR000643,FAM00099,0,0,,1,0,0,0.0,0,,0.405,59,1
SCR000644,FAM00511,1,0,128.0,2,0,1,0.0,0,,0.34,58,0
SCR000645,FAM00385,0,0,,2,1,1,,0,1.0,0.206,68,1
SCR000646,FAM00405,0,1,,2,0,0,0.0,0,2.0,0.34,39,0
SCR000647,FAM00518,1,0,185.0,4,0,0,1.0,0,2.0,0.258,68,1
SCR000648,FAM00476,0,0,,4,0,0,0.0,0,13.0,0.275,57,0
SCR000649,FAM00645,1,0,71.0,2,1,0,1.0,0,8.0,0.35,47,1
SCR000650,FAM00437,3,0,342.0,1,0,0,0.0,1,7.0,0.38,70,0
SCR000651,FAM00023,0,1,,2,0,0,0.0,0,1.0,0.254,79,0
SCR000652,FAM00565,0,0,,2,0,1,0.0,0,10.0,0.237,46,0
SCR000653,FAM00458,0,0,,2,1,1,0.0,0,2.0,0.376,40,1
SCR000654,FAM00083,0,0,,3,0,0,0.0,0,4.0,0.368,30,0
SCR000655,FAM00145,0,0,,1,0,0,0.0,0,1.0,0.289,46,0
SCR000656,FAM00085,0,0,,2,1,0,0.0,0,2.0,0.346,65,0
SCR000657,FAM00078,1,1,79.0,1,0,1,0.0,0,7.0,0.365,65,0
SCR000658,FAM00457,0,0,,3,0,1,,0,6.0,0.358,75,0
SCR000659,FAM00001,0,1,,2,0,1,0.0,0,3.0,0.167,38,0
SCR000660,FAM00051,0,0,,3,0,0,0.0,0,4.0,0.293,74,0
SCR000661,FAM00446,2,0,119.0,1,0,0,0.0,0,1.0,0.226,57,0
SCR000662,FAM00449,0,0,,2,0,0,0.0,1,3.0,0.116,77,0
SCR000663,FAM00488,0,0,,3,0,0,0.0,0,2.0,0.326,62,0
SCR000664,FAM00034,1,1,244.0,1,0,0,1.0,0,1.0,0.363,32,0
SCR000665,FAM00348,0,1,,3,1,0,1.0,1,1.0,0.156,37,1
SCR000666,FAM00095,1,0,37.0,2,0,0,0.0,0,,0.057,79,0
SCR000667,FAM00072,2,0,142.0,2,0,0,0.0,0,3.0,0.218,35,1
SCR000668,FAM00551,0,0,,2,0,0,,1,1.0,0.224,35,0
SCR000669,FAM00154,0,1,,2,0,0,1.0,0,2.0,0.358,58,1
SCR000670,FAM00250,1,1,231.0,2,0,0,0.0,0,1.0,0.418,66,0
SCR000671,FAM00438,0,0,,2,0,0,0.0,1,2.0,0.248,41,0
SCR000672,FAM00118,2,0,296.0,3,1,0,1.0,1,3.0,0.223,38,0
SCR000673,FAM00306,0,0,,2,0,0,1.0,0,3.0,0.327,70,0
SCR000674,FAM00268,0,0,,1,1,0,1.0,0,2.0,0.2,78,0
SCR000675,FAM00054,0,0,,1,1,1,1.0,1,2.0,0.375,48,0
SCR000676,FAM00236,0,0,,1,1,0,1.0,0,2.0,0.461,46,1
SCR000677,FAM00389,0,0,,2,0,0,0.0,0,4.0,0.385,77,0
SCR000678,FAM00401,3,0,288.0,3,0,0,,0,1.0,0.313,73,0
SCR000679,FAM00624,0,1,,3,0,1,1.0,0,1.0,0.381,61,1
SCR000680,FAM00303,1,0,215.0,1,0,0,1.0,1,3.0,0.434,64,0
SCR000681,FAM00207,1,0,281.0,5,1,0,1.0,1,1.0,0.23,43,0
SCR000682,FAM00229,0,0,,2,0,0,,1,4.0,0.405,78,0
SCR000683,FAM00578,1,0,289.0,4,1,0,0.0,1,1.0,0.162,45,0
SCR000684,FAM00075,1,0,344.0,3,1,1,0.0,0,3.0,0.29,50,0
SCR000685,FAM00435,4,1,194.0,3,0,0,0.0,0,1.0,0.339,41,1
SCR000686,FAM00103,0,0,,1,0,1,0.0,0,,0.458,53,0
SCR000687,FAM00422,0,0,,1,0,1,1.0,0,1.0,0.293,63,0
SCR000688,FAM00306,0,0,,1,0,0,,0,4.0,0.18,37,0
SCR000689,FAM00098,0,0,,3,0,0,1.0,0,7.0,0.311,73,0
SCR000690,FAM00335,1,0,127.0,2,0,0,1.0,1,2.0,0.388,50,0
SCR000691,FAM00435,0,0,,3,0,1,0.0,0,4.0,0.459,77,0
SCR000692,FAM00447,2,0,325.0,2,0,0,0.0,0,3.0,0.162,37,0
SCR000693,FAM00308,0,0,,3,1,1,0.0,0,7.0,0.393,57,0
SCR000694,FAM00249,1,0,179.0,1,1,0,,0,4.0,0.304,45,0
SCR000695,FAM00166,3,0,80.0,1,0,0,1.0,0,1.0,0.202,39,1
SCR000696,FAM00481,0,1,,2,0,1,,1,3.0,0.363,44,0
SCR000697,FAM00335,1,0,31.0,2,0,0,1.0,0,2.0,0.373,33,0
SCR000698,FAM00542,0,0,,2,0,0,0.0,0,1.0,0.298,55,0
SCR000699,FAM00106,0,0,,3,0,0,1.0,0,1.0,0.155,44,0
SCR000700,FAM00563,0,0,,1,0,0,1.0,0,6.0,0.35,65,0
SCR000701,FAM00081,0,0,,2,0,0,1.0,1,6.0,0.317,61,0
SCR000702,FAM00133,0,0,,3,0,0,0.0,0,4.0,0.326,72,0
SCR000703,FAM00138,0,0,,1,0,0,1.0,1,9.0,0.341,67,0
SCR000704,FAM00184,0,1,,4,1,1,0.0,0,4.0,0.223,33,0
SCR000705,FAM00401,0,0,,5,1,1,1.0,0,1.0,0.064,70,0
SCR000706,FAM00330,0,0,,1,1,0,0.0,0,,0.258,38,0
SCR000707,FAM00508,2,1,180.0,1,0,1,0.0,0,1.0,0.314,64,1
SCR000708,FAM00069,0,0,,2,0,0,0.0,1,1.0,0.444,57,0
SCR000709,FAM00546,0,0,,3,1,0,0.0,0,1.0,0.394,66,0
SCR000710,FAM00053,1,1,221.0,2,0,0,0.0,1,2.0,0.338,76,0
SCR000711,FAM00450,0,0,,2,1,1,1.0,0,4.0,0.33,38,1
SCR000712,FAM00205,1,0,28.0,3,0,1,0.0,0,4.0,0.292,31,0
SCR000713,FAM00126,2,0,361.0,1,1,0,0.0,0,2.0,0.286,32,0
SCR000714,FAM00043,0,0,,3,1,0,0.0,0,6.0,0.309,73,0
SCR000715,FAM00111,1,0,164.0,3,0,0,0.0,0,2.0,0.274,77,0
SCR000716,FAM00183,0,1,,2,1,0,0.0,0,5.0,0.308,34,0
SCR000717,FAM00095,1,0,175.0,4,1,0,0.0,0,2.0,0.213,39,0
SCR000718,FAM00374,0,0,,3,1,0,,0,1.0,0.371,57,0
SCR000719,FAM00520,0,1,,1,0,1,0.0,0,5.0,0.174,44,0
SCR000720,FAM00360,1,0,245.0,2,0,0,0.0,0,1.0,0.403,43,0
SCR000721,FAM00281,1,0,122.0,2,1,1,0.0,0,2.0,0.321,75,0
SCR000722,FAM00195,3,0,185.0,1,0,0,0.0,0,1.0,0.068,52,0
SCR000723,FAM00195,1,0,32.0,5,0,0,1.0,0,3.0,0.516,42,1
SCR000724,FAM00093,0,0,,1,1,1,0.0,0,11.0,0.415,45,0
SCR000725,FAM00061,0,0,,3,0,1,,0,1.0,0.303,59,1
SCR000726,FAM00634,1,1,310.0,2,1,0,0.0,0,5.0,0.262,69,1
SCR000727,FAM00051,0,1,,1,1,0,0.0,0,,0.311,37,1
SCR000728,FAM00403,0,1,,4,0,1,0.0,0,1.0,0.489,46,0
SCR000729,FAM00005,0,1,,4,1,0,0.0,0,1.0,0.432,59,0
SCR000730,FAM00466,2,0,56.0,2,0,0,0.0,0,3.0,0.353,46,0
SCR000731,FAM00604,2,0,279.0,1,0,0,0.0,0,1.0,0.337,64,1
SCR000732,FAM00534,1,1,273.0,1,1,1,0.0,0,2.0,0.122,30,1
SCR000733,FAM00405,0,0,,2,0,1,0.0,0,1.0,0.237,78,0
SCR000734,FAM00513,2,1,158.0,1,1,1,1.0,0,1.0,0.41,53,1
SCR000735,FAM00645,0,0,,2,0,0,0.0,0,3.0,0.208,77,0
SCR000736,FAM00233,0,0,,5,0,0,0.0,0,1.0,0.362,78,0
SCR000737,FAM00524,1,0,78.0,2,0,0,,0,1.0,0.325,54,0
SCR000738,FAM00346,0,1,,4,0,1,1.0,0,1.0,0.361,31,1
SCR000739,FAM00046,0,0,,3,1,0,0.0,0,2.0,0.48,54,1
SCR000740,FAM00546,0,0,,2,0,0,1.0,0,3.0,0.257,43,0
SCR000741,FAM00078,0,0,,4,0,0,,0,1.0,0.05,68,0
SCR000742,FAM00073,0,0,,2,0,0,0.0,0,1.0,0.379,62,0
SCR000743,FAM00249,0,0,,4,0,1,0.0,0,2.0,0.448,46,0
SCR000744,FAM00047,0,0,,1,0,0,0.0,0,1.0,0.212,60,0
SCR000745,FAM00121,0,0,,1,1,1,0.0,0,5.0,0.385,39,0
SCR000746,FAM00214,0,0,,4,1,0,0.0,0,4.0,0.399,35,0
SCR000747,FAM00239,1,0,168.0,2,0,1,,0,2.0,0.318,68,0
SCR000748,FAM00056,0,0,,4,0,1,,1,1.0,0.361,54,0
SCR000749,FAM00350,0,0,,4,0,0,0.0,0,3.0,0.377,67,0
SCR000750,FAM00107,1,0,186.0,1,0,1,0.0,0,4.0,0.453,66,0
SCR000751,FAM00048,0,1,,2,1,0,0.0,1,2.0,0.444,59,1
SCR000752,FAM00573,1,0,227.0,2,1,1,0.0,0,4.0,0.171,63,0
SCR000753,FAM00337,0,0,,2,0,1,,0,3.0,0.29,47,0
SCR000754,FAM00026,0,0,,3,1,1,0.0,0,2.0,0.417,53,0
SCR000755,FAM00257,1,0,354.0,1,0,0,0.0,0,,0.375,78,0
SCR000756,FAM00008,0,0,,2,0,0,1.0,1,3.0,0.333,56,0
SCR000757,FAM00625,0,0,,3,0,0,0.0,0,1.0,0.262,56,0
SCR000758,FAM00253,0,0,,1,1,0,1.0,0,4.0,0.348,68,0
SCR000759,FAM00303,0,0,,3,0,1,0.0,0,4.0,0.147,50,0
SCR000760,FAM00639,0,0,,2,0,1,0.0,1,4.0,0.204,48,1
SCR000761,FAM00056,0,0,,4,0,1,0.0,0,2.0,0.445,68,0
SCR000762,FAM00526,0,0,,2,1,0,,0,1.0,0.199,52,0
SCR000763,FAM00474,1,0,359.0,1,0,1,0.0,0,1.0,0.134,68,0
SCR000764,FAM00028,1,0,128.0,2,0,1,1.0,0,3.0,0.337,77,0
SCR000765,FAM00078,0,1,,1,1,1,1.0,0,5.0,0.204,73,0
SCR000766,FAM00216,1,0,151.0,5,1,0,0.0,0,3.0,0.411,76,1
SCR000767,FAM00386,0,0,,1,1,0,1.0,0,1.0,0.231,44,0
SCR000768,FAM00365,1,0,218.0,3,0,0,0.0,0,6.0,0.298,72,0
SCR000769,FAM00526,0,1,,2,0,0,0.0,0,10.0,0.382,31,1
SCR000770,FAM00312,0,0,,2,0,0,0.0,0,2.0,0.305,64,0
SCR000771,FAM00007,0,0,,1,1,1,1.0,0,2.0,0.332,49,0
SCR000772,FAM00003,0,0,,2,0,0,,0,4.0,0.15,57,0
SCR000773,FAM00623,3,1,240.0,2,0,0,0.0,0,3.0,0.444,44,0
SCR000774,FAM00363,1,1,45.0,1,0,0,1.0,0,7.0,0.148,45,0
SCR000775,FAM00508,2,1,78.0,4,0,1,,0,1.0,0.454,62,1
SCR000776,FAM00274,0,0,,2,1,1,0.0,0,2.0,0.341,76,0
SCR000777,FAM00506,0,0,,2,0,1,0.0,0,3.0,0.375,41,1
SCR000778,FAM00015,0,0,,2,0,0,0.0,1,5.0,0.219,68,0
SCR000779,FAM00192,0,0,,1,0,0,0.0,0,5.0,0.187,68,0
SCR000780,FAM00631,0,1,,4,0,1,1.0,0,8.0,0.303,72,1
SCR000781,FAM00485,1,0,269.0,2,0,0,0.0,0,,0.239,49,0
SCR000782,FAM00028,0,0,,1,0,0,0.0,0,,0.305,58,0
SCR000783,FAM00039,2,0,312.0,2,1,0,0.0,0,2.0,0.26,72,0
SCR000784,FAM00273,0,0,,2,1,0,0.0,0,2.0,0.286,78,0
SCR000785,FAM00231,0,0,,2,0,0,0.0,0,,0.262,32,0
SCR000786,FAM00086,0,1,,3,0,0,1.0,1,4.0,0.382,77,0
SCR000787,FAM00474,0,0,,1,1,0,0.0,0,9.0,0.276,34,0
SCR000788,FAM00126,0,0,,1,1,0,0.0,0,1.0,0.335,31,0
SCR000789,FAM00537,0,0,,3,1,0,,1,1.0,0.491,52,0
SCR000790,FAM00145,0,0,,1,0,0,0.0,1,4.0,0.373,55,0
SCR000791,FAM00525,0,0,,4,1,0,1.0,0,2.0,0.241,55,0
SCR000792,FAM00212,1,0,94.0,1,1,0,1.0,0,7.0,0.254,36,0
SCR000793,FAM00025,0,0,,3,1,0,0.0,0,1.0,0.301,39,1
SCR000794,FAM00580,0,0,,2,1,0,,0,1.0,0.335,34,0
SCR000795,FAM00394,0,0,,2,1,0,0.0,0,2.0,0.26,76,0
SCR000796,FAM00067,2,0,340.0,1,0,0,1.0,0,1.0,0.272,41,0
SCR000797,FAM00233,0,1,,1,1,0,0.0,0,1.0,0.166,61,0
SCR000798,FAM00109,0,1,,1,0,1,,0,1.0,0.467,71,0
SCR000799,FAM00146,0,1,,1,1,0,,0,1.0,0.189,60,0
SCR000800,FAM00111,0,0,,2,0,0,0.0,0,1.0,0.113,51,0
SCR000801,FAM00228,0,1,,2,0,0,,0,7.0,0.444,46,0
SCR000802,FAM00111,0,1,,2,0,1,1.0,0,1.0,0.349,49,1
SCR000803,FAM00470,0,1,,3,0,0,0.0,0,2.0,0.407,49,0
SCR000804,FAM00034,1,0,211.0,3,1,0,1.0,0,5.0,0.183,72,0
SCR000805,FAM00623,1,0,338.0,2,1,0,,0,3.0,0.414,37,0
SCR000806,FAM00369,0,1,,2,0,1,0.0,0,2.0,0.353,76,0
SCR000807,FAM00595,1,0,330.0,2,0,1,1.0,0,3.0,0.288,63,0
SCR000808,FAM00554,0,0,,2,0,0,0.0,0,4.0,0.145,78,0
SCR000809,FAM00425,1,1,280.0,3,0,0,1.0,0,5.0,0.134,52,0
SCR000810,FAM00613,1,0,28.0,1,0,0,,0,3.0,0.238,67,0
SCR000811,FAM00518,1,0,117.0,1,0,1,1.0,0,5.0,0.477,57,1
SCR000812,FAM00282,0,0,,3,1,0,,0,2.0,0.263,42,0
SCR000813,FAM00320,0,1,,1,0,0,,0,1.0,0.242,58,1
SCR000814,FAM00443,0,0,,4,0,1,1.0,0,5.0,0.209,37,0
SCR000815,FAM00315,0,0,,4,1,1,0.0,0,2.0,0.262,40,0
SCR000816,FAM00377,0,0,,1,0,1,1.0,0,5.0,0.307,76,0
SCR000817,FAM00289,0,1,,1,1,1,1.0,0,1.0,0.344,74,1
SCR000818,FAM00437,1,0,15.0,2,0,1,1.0,0,2.0,0.27,47,0
SCR000819,FAM00277,0,1,,2,1,0,1.0,0,6.0,0.181,79,1
SCR000820,FAM00582,2,1,105.0,1,0,1,0.0,0,1.0,0.365,54,0
SCR000821,FAM00503,0,0,,3,0,1,,0,6.0,0.352,78,0
SCR000822,FAM00624,0,0,,2,1,0,0.0,1,7.0,0.33,51,0
SCR000823,FAM00516,0,0,,2,0,0,0.0,1,,0.332,74,0
SCR000824,FAM00350,0,0,,1,0,1,,0,2.0,0.449,64,1
SCR000825,FAM00446,0,0,,3,0,0,0.0,0,,0.237,58,0
SCR000826,FAM00350,0,1,,1,1,1,0.0,0,5.0,0.382,50,1
SCR000827,FAM00607,2,1,287.0,3,0,0,0.0,1,3.0,0.2,36,1
SCR000828,FAM00137,0,0,,2,1,0,0.0,0,2.0,0.301,41,1
SCR000829,FAM00243,0,0,,2,0,0,1.0,0,9.0,0.382,65,0
SCR000830,FAM00543,3,0,340.0,4,0,0,0.0,0,3.0,0.279,53,0
SCR000831,FAM00040,0,0,,4,0,0,0.0,0,8.0,0.424,61,1
SCR000832,FAM00229,0,0,,2,0,0,1.0,0,,0.267,56,0
SCR000833,FAM00548,0,1,,1,0,0,0.0,0,1.0,0.203,61,0
SCR000834,FAM00223,0,1,,3,0,0,1.0,0,2.0,0.355,61,1
SCR000835,FAM00006,0,0,,2,1,0,0.0,0,1.0,0.2,61,0
SCR000836,FAM00322,2,1,175.0,1,0,0,0.0,1,,0.296,55,0
SCR000837,FAM00468,1,0,47.0,4,1,1,0.0,0,1.0,0.295,40,1
SCR000838,FAM00075,3,0,256.0,1,0,0,1.0,1,8.0,0.419,75,1
SCR000839,FAM00004,0,0,,1,0,0,0.0,0,1.0,0.479,47,0
SCR000840,FAM00646,0,0,,1,0,0,1.0,0,2.0,0.29,68,0
SCR000841,FAM00118,1,1,121.0,2,1,0,0.0,0,,0.147,34,1
SCR000842,FAM00606,2,0,350.0,3,1,0,0.0,0,2.0,0.399,45,1
SCR000843,FAM00504,0,0,,2,1,0,0.0,0,1.0,0.068,40,0
SCR000844,FAM00574,0,0,,2,1,1,0.0,0,1.0,0.42,64,0
SCR000845,FAM00441,0,0,,2,1,1,0.0,0,3.0,0.251,77,0
SCR000846,FAM00194,0,0,,3,0,1,1.0,1,1.0,0.321,40,0
SCR000847,FAM00392,1,0,14.0,1,0,0,0.0,0,1.0,0.333,71,0
SCR000848,FAM00026,2,0,306.0,4,1,0,0.0,0,4.0,0.26,52,0
SCR000849,FAM00435,0,0,,1,0,0,,0,1.0,0.401,63,0
SCR000850,FAM00173,0,0,,5,0,1,1.0,0,2.0,0.179,77,0
SCR000851,FAM00300,0,0,,1,0,1,1.0,0,1.0,0.309,46,0
SCR000852,FAM00645,0,0,,3,0,0,1.0,0,,0.267,39,0
SCR000853,FAM00326,1,0,183.0,1,0,0,1.0,0,,0.368,47,1
SCR000854,FAM00410,1,1,352.0,1,0,0,1.0,0,1.0,0.378,73,0
SCR000855,FAM00118,2,0,36.0,4,0,1,1.0,0,5.0,0.251,37,0
SCR000856,FAM00225,1,0,37.0,4,0,1,1.0,0,5.0,0.424,55,1
SCR000857,FAM00532,1,0,14.0,2,1,0,,1,1.0,0.149,32,1
SCR000858,FAM00113,0,0,,3,0,1,,1,10.0,0.341,53,1
SCR000859,FAM00140,0,0,,2,1,0,0.0,0,1.0,0.311,32,0
SCR000860,FAM00559,0,0,,4,0,1,,0,1.0,0.43,67,0
SCR000861,FAM00001,3,0,329.0,2,0,1,0.0,0,1.0,0.298,31,0
SCR000862,FAM00090,0,0,,2,0,1,0.0,0,2.0,0.316,64,0
SCR000863,FAM00320,0,0,,2,0,0,1.0,1,2.0,0.415,46,0
SCR000864,FAM00550,0,0,,2,0,0,0.0,0,1.0,0.342,38,0
SCR000865,FAM00139,0,0,,4,0,0,1.0,0,4.0,0.415,65,0
SCR000866,FAM00511,0,0,,1,1,0,1.0,0,3.0,0.456,51,0
SCR000867,FAM00259,3,0,48.0,1,1,1,1.0,0,1.0,0.302,60,1
SCR000868,FAM00010,0,0,,2,0,0,1.0,0,3.0,0.436,63,0
SCR000869,FAM00261,1,0,75.0,3,1,0,1.0,0,6.0,0.086,53,0
SCR000870,FAM00650,2,0,22.0,1,0,1,0.0,0,1.0,0.483,38,1
SCR000871,FAM00172,0,0,,2,1,0,0.0,1,1.0,0.211,75,0
SCR000872,FAM00013,0,0,,4,0,0,,0,2.0,0.306,72,0
SCR000873,FAM00168,0,1,,1,0,0,1.0,0,,0.197,31,0
SCR000874,FAM00642,2,0,287.0,3,0,0,1.0,0,2.0,0.242,50,0
SCR000875,FAM00596,1,0,120.0,3,1,0,,0,1.0,0.4,63,0
SCR000876,FAM00321,0,0,,2,0,1,0.0,0,3.0,0.246,56,0
SCR000877,FAM00319,0,0,,4,0,0,0.0,0,3.0,0.202,66,0
SCR000878,FAM00613,0,0,,3,0,1,0.0,0,2.0,0.467,36,0
SCR000879,FAM00329,2,0,245.0,2,0,0,0.0,0,1.0,0.32,51,0
SCR000880,FAM00550,2,0,21.0,2,0,0,0.0,0,2.0,0.208,33,0
SCR000881,FAM00419,2,0,110.0,3,1,0,0.0,0,1.0,0.091,43,0
SCR000882,FAM00606,0,0,,2,0,0,1.0,0,2.0,0.329,63,0
SCR000883,FAM00095,2,0,136.0,4,0,0,0.0,1,6.0,0.162,52,0
SCR000884,FAM00581,0,0,,2,1,0,,0,2.0,0.397,73,0
SCR000885,FAM00318,0,0,,1,1,0,1.0,0,1.0,0.504,71,1
SCR000886,FAM00236,1,0,328.0,1,1,0,,0,,0.293,54,0
SCR000887,FAM00334,0,0,,1,1,0,,0,4.0,0.305,30,0
SCR000888,FAM00376,2,0,251.0,1,1,0,0.0,0,4.0,0.381,77,0
SCR000889,FAM00459,0,0,,4,0,1,0.0,0,2.0,0.132,44,0
SCR000890,FAM00137,0,1,,3,0,1,0.0,1,1.0,0.278,61,0
SCR000891,FAM00588,0,0,,3,0,0,,1,2.0,0.267,43,0
SCR000892,FAM00547,0,0,,2,0,0,0.0,0,2.0,0.46,70,0
SCR000893,FAM00513,0,1,,3,1,1,0.0,0,18.0,0.5,50,1
SCR000894,FAM00296,1,0,320.0,2,0,0,0.0,0,,0.089,76,0
SCR000895,FAM00320,0,0,,4,0,1,1.0,0,3.0,0.169,36,0
SCR000896,FAM00572,1,1,109.0,2,1,0,,0,2.0,0.225,65,1
SCR000897,FAM00349,0,0,,4,0,1,1.0,0,1.0,0.302,50,0
SCR000898,FAM00229,1,0,282.0,3,1,0,,0,4.0,0.222,79,0
SCR000899,FAM00270,0,0,,1,0,1,0.0,0,2.0,0.409,69,0
SCR000900,FAM00291,1,0,83.0,2,0,0,1.0,0,11.0,0.164,41,1
SCR000901,FAM00165,0,0,,2,1,0,,0,2.0,0.291,44,1
SCR000902,FAM00005,1,0,69.0,1,1,0,0.0,0,,0.361,44,1
SCR000903,FAM00379,0,1,,2,0,0,,0,3.0,0.421,46,0
SCR000904,FAM00078,0,1,,2,0,1,0.0,0,1.0,0.365,63,1
SCR000905,FAM00410,1,1,286.0,1,1,0,1.0,0,1.0,0.339,73,1
SCR000906,FAM00574,0,1,,4,0,1,1.0,0,1.0,0.456,64,1
SCR000907,FAM00132,2,1,8.0,2,1,0,,0,3.0,0.448,68,1
SCR000908,FAM00601,0,0,,4,0,1,,0,2.0,0.279,67,1
SCR000909,FAM00042,0,0,,3,0,0,0.0,0,1.0,0.425,43,0
SCR000910,FAM00089,0,0,,2,1,1,1.0,0,2.0,0.337,34,0
SCR000911,FAM00402,0,1,,2,1,1,1.0,0,2.0,0.364,59,1
SCR000912,FAM00296,2,0,321.0,3,1,0,1.0,0,6.0,0.203,33,0
SCR000913,FAM00295,0,0,,5,1,1,0.0,1,2.0,0.252,44,0
SCR000914,FAM00616,0,0,,1,1,1,1.0,0,3.0,0.274,68,0
SCR000915,FAM00526,0,0,,4,0,0,,1,1.0,0.43,64,0
SCR000916,FAM00637,0,0,,4,1,0,0.0,1,3.0,0.252,74,0
SCR000917,FAM00422,1,0,328.0,3,0,0,1.0,0,3.0,0.283,39,0
SCR000918,FAM00023,0,0,,4,0,1,0.0,0,5.0,0.334,31,0
SCR000919,FAM00575,3,0,187.0,2,0,0,1.0,0,,0.318,73,1
SCR000920,FAM00143,0,0,,5,0,0,,0,2.0,0.307,53,0
SCR000921,FAM00145,0,0,,3,1,0,1.0,0,3.0,0.333,57,0
SCR000922,FAM00225,0,0,,1,0,0,,1,1.0,0.125,51,0
SCR000923,FAM00503,0,0,,4,0,1,,0,2.0,0.467,73,1
SCR000924,FAM00616,0,0,,2,0,1,0.0,0,6.0,0.246,61,0
SCR000925,FAM00104,2,1,4.0,2,1,0,0.0,0,2.0,0.302,60,0
SCR000926,FAM00039,0,0,,2,0,0,0.0,1,9.0,0.349,48,0
SCR000927,FAM00198,0,0,,1,0,1,0.0,0,1.0,0.405,50,0
SCR000928,FAM00646,0,0,,2,1,0,0.0,0,3.0,0.296,32,1
SCR000929,FAM00579,0,0,,3,1,0,0.0,0,2.0,0.299,35,1
SCR000930,FAM00391,0,1,,1,0,0,0.0,0,2.0,0.25,61,0
SCR000931,FAM00179,0,0,,1,0,0,0.0,0,8.0,0.24,31,0
SCR000932,FAM00554,0,0,,1,0,0,1.0,1,1.0,0.158,53,0
SCR000933,FAM00448,0,0,,2,0,1,1.0,0,5.0,0.308,74,0
SCR000934,FAM00500,0,1,,3,1,0,0.0,1,3.0,0.252,56,0
SCR000935,FAM00015,0,0,,3,0,1,0.0,0,1.0,0.324,38,0
SCR000936,FAM00623,0,0,,4,0,0,1.0,0,5.0,0.301,42,0
SCR000937,FAM00289,0,0,,2,1,0,0.0,0,2.0,0.488,43,0
SCR000938,FAM00478,0,1,,1,1,1,0.0,0,,0.422,40,1
SCR000939,FAM00231,1,0,240.0,4,0,0,0.0,1,1.0,0.511,43,0
SCR000940,FAM00420,1,0,310.0,3,1,0,0.0,0,,0.161,45,0
SCR000941,FAM00157,0,0,,2,0,0,0.0,0,3.0,0.141,39,0
SCR000942,FAM00550,1,0,146.0,3,1,0,0.0,0,1.0,0.164,49,1
SCR000943,FAM00441,0,0,,4,1,1,,0,3.0,0.479,45,1
SCR000944,FAM00097,0,0,,3,1,0,0.0,0,1.0,0.438,63,0
SCR000945,FAM00411,4,0,309.0,2,0,1,0.0,0,2.0,0.271,45,0
SCR000946,FAM00289,0,1,,3,0,0,0.0,0,1.0,0.287,43,1
SCR000947,FAM00254,0,0,,1,0,0,0.0,0,1.0,0.252,57,0
SCR000948,FAM00196,2,0,219.0,2,0,1,0.0,0,1.0,0.329,47,1
SCR000949,FAM00598,0,0,,2,1,1,,0,2.0,0.456,55,0
SCR000950,FAM00522,0,0,,1,0,0,0.0,0,2.0,0.151,67,0
SCR000951,FAM00517,0,1,,1,0,0,,1,2.0,0.311,36,1
SCR000952,FAM00635,0,0,,1,0,0,0.0,0,1.0,0.28,74,0
SCR000953,FAM00118,0,0,,3,1,0,,0,3.0,0.362,63,0
SCR000954,FAM00159,0,1,,3,0,1,0.0,1,3.0,0.395,76,0
SCR000955,FAM00228,0,0,,5,1,1,0.0,0,1.0,0.307,78,0
SCR000956,FAM00216,1,1,66.0,2,1,0,1.0,0,5.0,0.347,74,0
SCR000957,FAM00015,0,0,,2,0,1,0.0,0,3.0,0.37,36,1
SCR000958,FAM00157,2,1,147.0,4,0,0,1.0,0,3.0,0.435,62,1
SCR000959,FAM00648,1,0,165.0,1,0,0,0.0,0,1.0,0.326,64,0
SCR000960,FAM00261,0,0,,3,0,0,1.0,0,1.0,0.318,79,0
SCR000961,FAM00157,2,1,6.0,3,0,1,1.0,0,5.0,0.305,68,0
SCR000962,FAM00047,0,0,,1,0,1,1.0,0,4.0,0.163,50,0
SCR000963,FAM00324,2,0,132.0,4,0,0,0.0,0,1.0,0.43,78,0
SCR000964,FAM00130,1,1,342.0,3,0,0,,0,1.0,0.356,57,0
SCR000965,FAM00411,0,1,,1,0,1,1.0,0,3.0,0.392,61,0
SCR000966,FAM00095,0,0,,1,1,0,1.0,0,3.0,0.184,73,0
SCR000967,FAM00627,0,1,,1,0,0,1.0,0,4.0,0.076,45,0
SCR000968,FAM00292,0,0,,2,0,1,0.0,0,1.0,0.214,39,0
SCR000969,FAM00283,0,0,,2,1,1,,0,2.0,0.269,52,0
SCR000970,FAM00069,0,1,,2,0,0,0.0,1,1.0,0.261,77,0
SCR000971,FAM00011,0,0,,1,1,0,0.0,1,1.0,0.461,79,0
SCR000972,FAM00254,3,0,225.0,4,0,0,,0,1.0,0.462,44,0
SCR000973,FAM00550,0,0,,2,0,0,0.0,0,5.0,0.325,72,0
SCR000974,FAM00134,0,0,,1,0,1,1.0,0,2.0,0.033,79,0
SCR000975,FAM00023,0,0,,2,0,0,,1,4.0,0.089,35,0
SCR000976,FAM00346,3,1,316.0,2,0,1,0.0,0,1.0,0.319,62,1
SCR000977,FAM00302,2,1,24.0,2,0,0,0.0,0,1.0,0.287,68,0
SCR000978,FAM00363,3,0,271.0,1,0,0,0.0,0,1.0,0.269,41,0
SCR000979,FAM00396,0,1,,1,1,0,0.0,0,1.0,0.328,65,0
SCR000980,FAM00218,2,0,142.0,3,0,1,,0,4.0,0.331,60,0
SCR000981,FAM00141,0,0,,5,1,0,0.0,0,1.0,0.316,39,0
SCR000982,FAM00616,1,1,206.0,2,0,0,1.0,0,1.0,0.278,63,0
SCR000983,FAM00210,1,0,81.0,2,0,0,1.0,0,1.0,0.429,70,0
SCR000984,FAM00623,0,0,,2,0,0,0.0,0,1.0,0.328,39,0
SCR000985,FAM00616,0,0,,3,1,0,0.0,0,3.0,0.243,40,0
SCR000986,FAM00460,0,0,,2,1,0,0.0,0,2.0,0.341,43,1
SCR000987,FAM00356,0,1,,4,0,0,1.0,0,3.0,0.263,32,0
SCR000988,FAM00324,0,0,,2,1,0,,0,,0.36,62,0
SCR000989,FAM00133,1,0,288.0,2,1,0,0.0,0,1.0,0.308,36,0
SCR000990,FAM00127,0,0,,2,1,0,0.0,0,1.0,0.271,33,0
SCR000991,FAM00106,0,0,,5,0,0,1.0,0,3.0,0.358,68,1
SCR000992,FAM00604,1,0,283.0,3,0,0,0.0,0,,0.219,77,0
SCR000993,FAM00378,0,0,,1,1,0,0.0,0,1.0,0.107,39,0
SCR000994,FAM00051,0,1,,2,1,1,1.0,0,1.0,0.325,44,0
SCR000995,FAM00029,0,1,,2,1,0,,0,1.0,0.384,45,1
SCR000996,FAM00462,0,0,,2,0,0,,0,1.0,0.205,67,0
SCR000997,FAM00296,0,0,,3,0,0,0.0,0,1.0,0.339,33,0
SCR000998,FAM00297,1,0,49.0,3,1,1,1.0,0,1.0,0.332,33,0
SCR000999,FAM00407,0,1,,3,1,1,0.0,0,2.0,0.307,65,0
SCR001000,FAM00613,0,1,,5,1,0,1.0,0,1.0,0.249,56,1
